"w_treatrank_stand","w_treatrank_boiling","w_treatrank_sun","w_treatrank_chlorine","w_treatrank_filter","w_treatrank_other"
19.9594882729211,19.9488272921109,20.1663113006397,20.0170575692964,19.9872068230277,20.0213219616205
